,count,mean,std,min,25%,50%,75%,max
Age,809.0,29.65265760197775,13.374989441383626,10.0,19.0,25.0,39.0,70.0
SystolicBP,809.0,113.26699629171817,18.406719904018374,70.0,99.0,120.0,120.0,160.0
DiastolicBP,809.0,76.4796044499382,13.946943021512876,49.0,65.0,80.0,90.0,100.0
BS,809.0,8.683930778739185,3.256703311717084,6.0,6.9,7.5,8.0,19.0
BodyTemp,809.0,98.64573547589616,1.359030935411606,98.0,98.0,98.0,98.0,103.0
HeartRate,809.0,74.48454882571076,7.5112174248498516,60.0,70.0,76.0,80.0,90.0
RiskLevel,809.0,0.8529048207663782,0.8110435717861542,0.0,0.0,1.0,2.0,2.0
